nb_fakewords	ponctuation	partage	topic_title_sim	label	id	sim_tfidf	sim_texte_tittre	label1	proba1	label2	proba2	source
4	False	0	0.609185809192	trusted	5678	168	0.2871443656958882	trusted	0.790706	fakeNews	0.209314	fr
1	False	0	0.719206291039	trusted	4368	31	0.31802064843570166	trusted	0.712816	fakeNews	0.287204	fr
5	False	0	0.728705086847	trusted	5273	2	0.4053706219298007	trusted	0.845154	fakeNews	0.154866	fr
4	False	0	0.741708385752	fakeNews	5180	6	0.3214016529081585	trusted	0.370582	fakeNews	0.629438	fr
1	False	0	0.708015941892	trusted	5171	17	0.3745375048523722	trusted	0.973719	fakeNews	0.0263012	fr
1	False	0	0.841551127461	trusted	5923	4	0.36468184560121314	trusted	0.755266	fakeNews	0.244754	fr
2	False	0	0.571252499749	trusted	4392	167	0.3278352047149542	trusted	0.76502	fakeNews	0.235	fr
0	False	0	0.481326125033	trusted	5842	4	0.28407769724325854	trusted	0.952121	fakeNews	0.0478994	fr
2	False	0	0.788496904048	trusted	5517	37	0.344887884916546	trusted	0.457656	fakeNews	0.542364	fr
0	False	0	0.756033405809	trusted	5574	10	0.4038937051342292	trusted	0.885035	fakeNews	0.114985	fr
32	False	0	0.656814293665	fakeNews	5426	3	0.3380736158260067	trusted	0.125686	fakeNews	0.874334	fr
1	False	0	0.519944458053	trusted	5516	2	0.30063958731232493	trusted	0.748722	fakeNews	0.251298	fr
0	False	0	0.739162321634	trusted	5863	5	0.38225799358075196	trusted	0.933304	fakeNews	0.0667161	fr
1	False	0	0.775907585128	trusted	5172	30	0.38907190045975776	trusted	0.8142	fakeNews	0.18582	fr
0	False	0	0.647602517627	trusted	5780	8	0.3403239111425921	trusted	0.749331	fakeNews	0.250689	fr
0	False	0	0.734551533421	trusted	5549	114	0.3947330657668291	trusted	0.857741	fakeNews	0.142279	fr
4	False	0	0.633488201898	trusted	4998	2	0.3510548224634863	trusted	0.862695	fakeNews	0.137325	fr
0	False	0	0.802937758062	trusted	5205	2	0.33673204403925416	trusted	0.930914	fakeNews	0.0691059	fr
0	False	0	0.731407117204	trusted	5742	1	0.37350248939475744	trusted	0.785354	fakeNews	0.214666	fr
1	False	0	0.835840397692	trusted	6040	4	0.3998471212855939	trusted	0.895413	fakeNews	0.104607	fr
0	False	0	0.780238662209	trusted	5707	2	0.40524429160214875	trusted	0.530155	fakeNews	0.469865	fr
0	False	0	0.876700029689	trusted	5533	12	0.3730933332697538	trusted	0.897954	fakeNews	0.102067	fr
4	False	0	0.694120875695	fakeNews	4510	5	0.35422765369175685	trusted	0.587384	fakeNews	0.412636	fr
0	False	0	0.839536809404	trusted	5212	5	0.41259589676882275	trusted	0.818149	fakeNews	0.181871	fr
17	False	0	0.800094903715	fakeNews	5587	37	0.3733574894949259	trusted	0.340935	fakeNews	0.659085	fr
0	False	0	0.727576065687	trusted	5544	15	0.3749187936292228	trusted	0.678934	fakeNews	0.321086	fr
0	False	0	0.678113745719	trusted	5654	5	0.3855208491277959	trusted	0.917376	fakeNews	0.0826437	fr
12	True	0	0.642557598131	fakeNews	5882	3	0.24627883447437662	trusted	0.111575	fakeNews	0.888445	fr
22	True	0	0.614629316332	fakeNews	5702	6	0.39559675932074695	trusted	0.393646	fakeNews	0.606374	fr
0	False	0	0.693321872739	trusted	5894	6	0.3555424708834813	trusted	0.80823	fakeNews	0.19179	fr
2	False	0	0.764216596641	trusted	5769	24	0.3788477313212952	trusted	0.469721	fakeNews	0.530299	fr
28	False	0	0.633342534317	fakeNews	5738	31	0.3468046518512316	trusted	0.252518	fakeNews	0.747502	fr
0	False	0	0.657702604669	trusted	4456	80	0.36517123011003166	trusted	0.684322	fakeNews	0.315698	fr
0	False	0	0.812238348442	trusted	4526	56	0.40220561197306437	trusted	0.825933	fakeNews	0.174088	fr
1	False	0	0.832173473353	trusted	5494	3	0.38214405668230766	trusted	0.879633	fakeNews	0.120387	fr
1	False	0	0.742993934379	trusted	4359	6	0.3490918960293974	trusted	0.882094	fakeNews	0.117926	fr
0	False	0	0.654023958742	trusted	5581	68	0.4080009657825446	trusted	0.886914	fakeNews	0.113106	fr
35	False	0	0.739010924505	fakeNews	6033	3	0.3481426639618294	trusted	0.496235	fakeNews	0.503785	fr
0	False	0	0.795649495904	trusted	3414	2	0.3426991668766996	trusted	0.883715	fakeNews	0.116305	fr
4	False	0	0.482508419414	trusted	4869	1	0.3370230756654068	trusted	0.911873	fakeNews	0.0881475	fr
3	False	0	0.513506494533	trusted	5392	7	0.38842587204830203	trusted	0.699712	fakeNews	0.300308	fr
32	False	1	0.613906949119	fakeNews	5619	5	0.34391262520397736	trusted	0.387065	fakeNews	0.612955	fr
2	False	0	0.734769896186	trusted	5485	11	0.33170814313071395	trusted	0.730486	fakeNews	0.269534	fr
2	False	0	0.708038658551	trusted	5131	21	0.3922334905578921	trusted	0.776275	fakeNews	0.223745	fr
13	True	0	0.746494951854	fakeNews	5826	40	0.36108674827904946	trusted	0.586392	fakeNews	0.413628	fr
4	False	0	0.624286410131	fakeNews	5585	5	0.26884444983352196	trusted	0.530629	fakeNews	0.469391	fr
12	False	0	0.558179608518	fakeNews	4402	14	0.25769771097141264	trusted	0.314196	fakeNews	0.685824	fr
0	False	0	0.728169407551	trusted	4868	21	0.3773797144488772	trusted	0.867996	fakeNews	0.132024	fr
0	False	0	0.774944119292	trusted	4517	56	0.3744161650271346	trusted	0.876054	fakeNews	0.123966	fr
0	False	0	0.73428764038	trusted	4532	5	0.41183352860860895	trusted	0.833501	fakeNews	0.166519	fr
35	False	0	0.704441713787	fakeNews	5646	46	0.3980911572917905	trusted	0.214554	fakeNews	0.785466	fr
0	True	0	0.545807475032	trusted	4564	38	0.27590749587179614	trusted	0.953418	fakeNews	0.046602	fr
0	False	0	0.735010993784	trusted	4360	20	0.4410226408304015	trusted	0.847469	fakeNews	0.152551	fr
0	False	0	0.68424337617	trusted	5386	3	0.40600237980119347	trusted	0.873596	fakeNews	0.126424	fr
0	False	0	0.207689138266	trusted	4525	3	0.28801807750585723	trusted	0.929755	fakeNews	0.0702645	fr
32	False	1	0.628004420739	fakeNews	5727	3	0.2642038197542716	trusted	0.462695	fakeNews	0.537325	fr
68	False	0	0.835105277661	fakeNews	5632	5	0.3692219748621767	trusted	0.351226	fakeNews	0.648794	fr
1	False	1	0.654184027848	trusted	5570	8	0.3661136070354807	trusted	0.795423	fakeNews	0.204597	fr
0	False	0	0.863824097029	trusted	4556	32	0.43836716216901067	trusted	0.89208	fakeNews	0.10794	fr
4	False	0	0.624959657599	trusted	5609	3	0.22223772577474832	trusted	0.180484	fakeNews	0.819536	fr
15	False	0	0.800124589778	fakeNews	5534	4	0.4020577088458181	trusted	0.211951	fakeNews	0.788069	fr
5	False	0	0.688212746889	trusted	5200	53	0.3162462243327802	trusted	0.303694	fakeNews	0.696326	fr
2	False	0	0.692422588529	trusted	5716	1	0.3356477811781725	trusted	0.982784	fakeNews	0.0172359	fr
0	False	0	0.757259470235	trusted	5019	18	0.35475835697730496	trusted	0.971755	fakeNews	0.0282655	fr
0	False	0	0.85537503857	trusted	4488	4	0.38750306478201635	trusted	0.893599	fakeNews	0.106421	fr
0	False	0	0.697763238773	trusted	5746	3	0.3930003643055271	trusted	0.739064	fakeNews	0.260956	fr
1	False	0	0.577877003095	trusted	5413	5	0.31635811491212174	trusted	0.614639	fakeNews	0.385381	fr
1	False	0	0.750017850693	trusted	5670	4	0.35669924778958917	trusted	0.805086	fakeNews	0.194934	fr
6	False	1	0.567651365079	fakeNews	5154	3	0.3494279057983663	trusted	0.344012	fakeNews	0.656008	fr
2	False	0	0.710200713655	fakeNews	4975	12	0.4104157543381087	trusted	0.770048	fakeNews	0.229972	fr
3	False	0	0.831720458572	trusted	4907	5	0.4126432078709431	trusted	0.849515	fakeNews	0.150505	fr
26	False	0	0.467400576878	fakeNews	5596	44	0.30177541653525963	trusted	0.331715	fakeNews	0.668305	fr
27	False	0	0.730006003612	fakeNews	5449	6	0.35571611840184547	trusted	0.512193	fakeNews	0.487827	fr
0	False	0	0.73552574414	trusted	5576	2	0.39401080458067583	trusted	0.940238	fakeNews	0.0597817	fr
53	True	0	0.735689720058	fakeNews	5684	4	0.3067764150252696	trusted	0.849689	fakeNews	0.150331	fr
14	True	0	0.828466247821	fakeNews	5724	6	0.4236793073826592	trusted	0.368223	fakeNews	0.631797	fr
0	False	0	0.686422097108	trusted	3458	6	0.32680269775846266	trusted	0.532588	fakeNews	0.467432	fr
5	False	0	0.565203655315	trusted	5913	106	0.32199935880084213	trusted	0.755494	fakeNews	0.244526	fr
6	False	0	0.683042678296	trusted	5735	13	0.38313912899193103	trusted	0.589661	fakeNews	0.410359	fr
0	False	0	0.748834802558	trusted	5411	5	0.39970676730894217	trusted	0.792683	fakeNews	0.207337	fr
0	False	0	0.569040786201	fakeNews	5547	67	0.3574966216092562	trusted	0.145925	fakeNews	0.854095	fr
2	False	0	0.669724183019	trusted	5515	3	0.377675146514571	trusted	0.848464	fakeNews	0.151556	fr
1	False	0	0.488344715389	fakeNews	4498	2	0.3120763027723994	trusted	0.52551	fakeNews	0.47451	fr
31	True	0	0.590381204039	fakeNews	5447	2	0.2541284401362161	trusted	0.147584	fakeNews	0.852436	fr
0	False	0	0.770082241244	fakeNews	4540	6	0.4036424012884128	trusted	0.867047	fakeNews	0.132973	fr
0	False	0	0.727416278426	trusted	5440	4	0.3856467980821272	trusted	0.857411	fakeNews	0.142609	fr
11	False	0	0.66366847692	fakeNews	4431	30	0.36217465214748773	trusted	0.455593	fakeNews	0.544427	fr
2	False	0	0.6911987903	fakeNews	4914	55	0.32774977656263043	trusted	0.696806	fakeNews	0.303214	fr
18	True	0	0.698836699231	fakeNews	5415	163	0.33286114190745364	trusted	0.0406915	fakeNews	0.959329	fr
0	False	0	0.81701722866	trusted	5771	3	0.3465621635927065	trusted	0.851259	fakeNews	0.148761	fr
0	False	0	0.709410017488	trusted	5558	54	0.3579998613004817	trusted	0.667409	fakeNews	0.332611	fr
0	False	0	0.823374963227	trusted	4458	22	0.4201899046906004	trusted	0.808031	fakeNews	0.191989	fr
0	False	0	0.647602517627	trusted	5610	56	0.3403239111425921	trusted	0.749331	fakeNews	0.250689	fr
4	False	0	0.704395000992	fakeNews	5190	1	0.3808580546344235	trusted	0.488837	fakeNews	0.511183	fr
1	False	0	0.773853231369	trusted	4373	3	0.3387647736601214	trusted	0.487592	fakeNews	0.512428	fr
3	False	0	0.758182377724	fakeNews	5165	34	0.3961792893730936	trusted	0.2589	fakeNews	0.741121	fr
0	False	0	0.661176358293	trusted	5700	7	0.43002010271621566	trusted	0.8224	fakeNews	0.17762	fr
10	False	0	0.790497701787	fakeNews	4589	4	0.4388456662977937	trusted	0.289875	fakeNews	0.710145	fr
1	False	0	0.728735187207	trusted	5836	5	0.3864268213587446	trusted	0.731958	fakeNews	0.268062	fr
36	False	0	0.684860851613	fakeNews	5563	44	0.40095326912896445	trusted	0.225625	fakeNews	0.774395	fr
2	False	0	0.549319012878	fakeNews	4976	65	0.3639003767922576	trusted	0.0338622	fakeNews	0.966158	fr
0	False	0	0.804332216621	trusted	4445	36	0.35110404527300965	trusted	0.82998	fakeNews	0.17004	fr
5	False	0	0.709066285775	fakeNews	4551	35	0.26639201522255723	trusted	0.543105	fakeNews	0.456915	fr
0	False	0	0.781631503392	trusted	5174	2	0.36411428614494695	trusted	0.94794	fakeNews	0.0520801	fr
1	False	1	0.65957115501	trusted	5418	5	0.4075057184756048	trusted	0.695576	fakeNews	0.304444	fr
7	False	0	0.557826317378	trusted	4434	55	0.31644265455102477	trusted	0.725113	fakeNews	0.274907	fr
7	True	0	0.616381811433	trusted	5166	65	0.3316490259068771	trusted	0.90128	fakeNews	0.0987402	fr
1	False	0	0.692310109525	trusted	5445	8	0.4025443874883678	trusted	0.846935	fakeNews	0.153085	fr
0	False	0	0.325008009979	trusted	5167	102	0.2834836179096195	trusted	0.774668	fakeNews	0.225353	fr
1	False	0	0.473347555403	trusted	5437	20	0.21409444409417747	trusted	0.518881	fakeNews	0.481139	fr
0	False	0	0.761950891485	trusted	5370	7	0.42912101762634386	trusted	0.891689	fakeNews	0.108332	fr
2	False	0	0.489514228077	trusted	4893	15	0.3323246935699661	trusted	0.982662	fakeNews	0.0173577	fr
70	True	1	0.616603120274	fakeNews	4503	43	0.3118273482469695	trusted	0.109161	fakeNews	0.890859	fr
1	False	0	0.81518802527	trusted	5371	63	0.3992770957237498	trusted	0.606591	fakeNews	0.393429	fr
1	False	0	0.745045358783	trusted	5561	4	0.39970157417918595	trusted	0.349646	fakeNews	0.650374	fr
0	False	0	0.774712101932	trusted	4973	5	0.4094237119320963	trusted	0.901955	fakeNews	0.098065	fr
3	False	0	0.719175032793	trusted	4981	11	0.37754473440592706	trusted	0.866374	fakeNews	0.133646	fr
4	False	0	0.808443726584	fakeNews	4906	39	0.35844985916190514	trusted	0.368759	fakeNews	0.631261	fr
2	False	0	0.577135993909	trusted	5269	3	0.3279254357151771	trusted	0.937334	fakeNews	0.0626864	fr
0	False	0	0.635937015561	fakeNews	5458	27	0.3710200915333962	trusted	0.862019	fakeNews	0.138001	fr
0	False	0	0.689891920151	trusted	5640	7	0.3188422838706096	trusted	0.859712	fakeNews	0.140308	fr
3	True	1	0.613354126039	trusted	4390	3	0.382387426651648	trusted	0.442877	fakeNews	0.557143	fr
1	False	0	0.807791130133	fakeNews	5197	3	0.3710946675917982	trusted	0.0865275	fakeNews	0.913493	fr
1	False	0	0.760035809941	fakeNews	5407	3	0.40098446372756275	trusted	0.551749	fakeNews	0.448271	fr
0	False	0	0.818326738229	trusted	4491	3	0.3670406633452169	trusted	0.952402	fakeNews	0.0476181	fr
0	False	0	0.530780215223	trusted	4500	3	0.25684443026327913	trusted	0.973475	fakeNews	0.026545	fr
0	False	0	0.770636061294	trusted	5541	56	0.4098523836837348	trusted	0.889279	fakeNews	0.110741	fr
2	False	1	0.728395982904	trusted	5389	12	0.3367446201966717	trusted	0.983134	fakeNews	0.0168861	fr
0	False	0	0.522289146582	trusted	3538	1	0.3249912614043955	trusted	0.724687	fakeNews	0.275333	fr
0	False	0	0.812894532801	trusted	5182	8	0.38849699285488476	trusted	0.933407	fakeNews	0.0666134	fr
0	False	0	0.647602517627	trusted	5508	3	0.3403239111425921	trusted	0.749331	fakeNews	0.250689	fr
2	False	0	0.784257169682	trusted	5527	9	0.40090635022042265	trusted	0.495894	fakeNews	0.504126	fr
1	False	1	0.459411584657	trusted	5414	47	0.23224487985900835	trusted	0.939975	fakeNews	0.0600451	fr
1	False	0	0.734704384193	trusted	5186	5	0.4208779799500478	trusted	0.648848	fakeNews	0.351172	fr
0	False	0	0.722732323895	trusted	5461	86	0.40189293586654473	trusted	0.771968	fakeNews	0.228052	fr
3	True	0	0.826303519798	fakeNews	5739	4	0.36810304909973707	trusted	0.727626	fakeNews	0.272394	fr
0	False	0	0.824841908019	trusted	4971	16	0.4333315552892479	trusted	0.938626	fakeNews	0.0613939	fr
1	False	0	0.696040237424	trusted	4471	43	0.40872705087494354	trusted	0.78773	fakeNews	0.21229	fr
2	False	0	0.749395894569	trusted	5387	27	0.42710146849108677	trusted	0.807928	fakeNews	0.192092	fr
0	False	0	0.724620130891	trusted	5398	138	0.4076278788480949	trusted	0.883856	fakeNews	0.116164	fr
1	False	0	0.761141618717	trusted	4452	23	0.3726338577806874	trusted	0.443966	fakeNews	0.556054	fr
1	False	0	0.589959299245	trusted	5685	2	0.3316717427179717	trusted	0.840281	fakeNews	0.159739	fr
1	False	0	0.406156959492	trusted	4470	1	0.28102083744327117	trusted	0.966406	fakeNews	0.0336141	fr
0	False	0	0.612981844869	trusted	5377	6	0.3401388774880113	trusted	0.75045	fakeNews	0.24957	fr
0	False	0	0.71312157537	trusted	4963	9	0.38016441955115987	trusted	0.8271	fakeNews	0.17292	fr
1	False	0	0.830555125881	trusted	4440	4	0.40633335415850574	trusted	0.721332	fakeNews	0.278688	fr
2	False	0	0.574269489778	trusted	5794	49	0.407938723546994	trusted	0.890107	fakeNews	0.109913	fr
25	False	0	0.786266338961	fakeNews	4464	16	0.38016734387157297	trusted	0.466621	fakeNews	0.533399	fr
1	False	0	0.742532444466	trusted	5866	70	0.37854359815874167	trusted	0.875718	fakeNews	0.124302	fr
0	False	0	0.637576131304	trusted	5278	63	0.22118498895206834	trusted	0.665819	fakeNews	0.334201	fr
0	False	0	0.730012001872	trusted	5900	8	0.4198942361805768	trusted	0.897613	fakeNews	0.102407	fr
0	False	0	0.775298737901	trusted	4898	8	0.3473749071136833	trusted	0.826774	fakeNews	0.173246	fr
15	False	0	0.562090624258	fakeNews	5211	6	0.34516190413707853	trusted	0.1853	fakeNews	0.81472	fr
0	False	0	0.866298385772	trusted	5270	85	0.3591638768423674	trusted	0.90897	fakeNews	0.0910502	fr
17	False	0	0.774966712219	fakeNews	4362	5	0.3736681479040349	trusted	0.437174	fakeNews	0.562846	fr
0	False	0	0.668897732994	trusted	4553	23	0.40370990984342	trusted	0.885035	fakeNews	0.114985	fr
39	True	0	0.62100101623	fakeNews	4364	120	0.33348325872441514	trusted	0.31451	fakeNews	0.68551	fr
7	False	0	0.829783165442	fakeNews	5772	42	0.3271164601216404	trusted	0.340077	fakeNews	0.659944	fr
23	False	0	0.7875395874	fakeNews	5159	11	0.41625244918886506	trusted	0.142015	fakeNews	0.858005	fr
18	False	0	0.470740833921	fakeNews	3450	6	0.2639370723936853	trusted	0.306416	fakeNews	0.693604	fr
1	False	0	0.744586659928	fakeNews	5655	49	0.35741163467868836	trusted	0.513173	fakeNews	0.486847	fr
1	False	0	0.885928707116	fakeNews	5906	2	0.42100547170778235	trusted	0.860417	fakeNews	0.139604	fr
4	False	0	0.451758443937	fakeNews	5874	5	0.19374429234259685	trusted	0.206349	fakeNews	0.793671	fr
2	False	0	0.815303754713	trusted	4435	6	0.41042085737861866	trusted	0.837239	fakeNews	0.162781	fr
1	False	0	0.351822058912	fakeNews	5589	2	0.2473124437315615	trusted	0.52551	fakeNews	0.47451	fr
2	False	0	0.811625616567	trusted	5895	0	0.33279345243932584	trusted	0.804161	fakeNews	0.195859	fr
0	False	0	0.745392448102	trusted	5015	8	0.29643982717213774	trusted	0.561081	fakeNews	0.438939	fr
11	False	0	0.785713258917	fakeNews	5525	20	0.398791424172041	trusted	0.492177	fakeNews	0.507843	fr
0	False	0	0.810085627451	trusted	4369	12	0.394864188236514	trusted	0.90321	fakeNews	0.0968104	fr
1	False	0	0.76771959734	fakeNews	5905	58	0.37515371816038234	trusted	0.548786	fakeNews	0.451234	fr
0	False	0	0.619623953569	trusted	5788	3	0.24443381817161922	trusted	0.863832	fakeNews	0.136188	fr
0	False	0	0.702351943197	trusted	5848	2	0.3581553926126369	trusted	0.947049	fakeNews	0.0529712	fr
3	False	0	0.648373332489	fakeNews	5761	2	0.33773196921071075	trusted	0.251389	fakeNews	0.748631	fr
0	False	0	0.471717771054	fakeNews	5432	55	0.33514828797054247	trusted	0.145925	fakeNews	0.854095	fr
0	False	0	0.761160964296	trusted	5851	44	0.35879565908406563	trusted	0.341361	fakeNews	0.658659	fr
0	False	0	0.844772116201	trusted	5721	1	0.38395464881971814	trusted	0.725518	fakeNews	0.274502	fr
2	False	0	0.680111163872	trusted	5528	3	0.3276788060140939	trusted	0.631242	fakeNews	0.368778	fr
4	False	0	0.787424665037	trusted	4505	4	0.3835054564310413	trusted	0.455344	fakeNews	0.544676	fr
75	False	1	0.76517510209	fakeNews	4395	2	0.3795926873695339	trusted	0.183598	fakeNews	0.816422	fr
1	False	0	0.745907418877	trusted	5620	6	0.3721863459825642	trusted	0.670272	fakeNews	0.329748	fr
2	False	0	0.736700664251	fakeNews	3454	7	0.2882127954080021	trusted	0.628427	fakeNews	0.371593	fr
1	False	0	0.773545879515	trusted	5367	12	0.34062097384957246	trusted	0.420189	fakeNews	0.579831	fr
0	False	0	0.722732323895	trusted	5509	131	0.40189293586654473	trusted	0.771968	fakeNews	0.228052	fr
0	False	0	0.748104887104	trusted	5465	25	0.4153072443162391	trusted	0.788702	fakeNews	0.211318	fr
53	True	0	0.702561802341	fakeNews	4375	7	0.33664833429248	trusted	0.850212	fakeNews	0.149808	fr
0	False	0	0.756054752693	trusted	4507	1	0.3994120845437115	trusted	0.931746	fakeNews	0.0682739	fr
6	False	0	0.840254865136	fakeNews	5191	1	0.4177488840281741	trusted	0.579827	fakeNews	0.420193	fr
0	False	0	0.860576847621	trusted	5495	2	0.37930378082072325	trusted	0.876981	fakeNews	0.123039	fr
0	False	0	0.875856424248	trusted	5136	197	0.36657698936272504	trusted	0.824185	fakeNews	0.175835	fr
71	True	0	0.790740768361	fakeNews	5452	2	0.3987188886533537	trusted	0.293839	fakeNews	0.706181	fr
14	False	0	0.646169829578	fakeNews	5686	27	0.38936817147047686	trusted	0.32215	fakeNews	0.67787	fr
0	False	0	0.745609187204	trusted	5616	3	0.37635489735329025	trusted	0.843857	fakeNews	0.156164	fr
0	False	0	0.708680065741	trusted	5712	47	0.3934372586950627	trusted	0.632923	fakeNews	0.367097	fr
8	False	1	0.795610899868	fakeNews	5195	9	0.3898321874115903	trusted	0.197099	fakeNews	0.802921	fr
0	False	0	0.67808177765	trusted	5869	3	0.32910321531636577	trusted	0.938325	fakeNews	0.0616947	fr
1	False	0	0.499095442141	trusted	3517	2	0.36293049234574043	trusted	0.688386	fakeNews	0.311634	fr
9	False	0	0.593510077329	trusted	5859	9	0.33153631653099014	trusted	0.246855	fakeNews	0.753165	fr
0	False	0	0.532767299297	trusted	5639	4	0.328927611983848	trusted	0.973023	fakeNews	0.0269974	fr
0	False	0	0.824755184313	trusted	4999	48	0.38763202988509393	trusted	0.937974	fakeNews	0.0620459	fr
0	False	0	0.744934504572	trusted	5663	4	0.40975268304286855	trusted	0.633426	fakeNews	0.366594	fr
0	False	0	0.793882656314	trusted	5719	6	0.39059026790793716	trusted	0.872356	fakeNews	0.127664	fr
0	False	0	0.863789790153	trusted	5532	2	0.3995300478762924	trusted	0.659031	fakeNews	0.340989	fr
1	False	0	0.801601891327	trusted	5631	5	0.3282180865380215	trusted	0.935334	fakeNews	0.0646856	fr
0	False	0	0.759458330742	fakeNews	4964	8	0.28379822453812464	trusted	0.620646	fakeNews	0.379374	fr
1	False	1	0.480149506054	trusted	5255	50	0.23052125225133444	trusted	0.878294	fakeNews	0.121726	fr
56	True	1	0.648327827546	fakeNews	5852	1	0.28171609602612907	trusted	0.242084	fakeNews	0.757936	fr
0	False	0	0.474756293999	trusted	5551	68	0.2762163273287176	trusted	0.939418	fakeNews	0.0606022	fr
0	False	0	0.785180829308	trusted	5657	3	0.3717255253310417	trusted	0.913919	fakeNews	0.0861007	fr
4	False	0	0.607650438563	fakeNews	4394	23	0.3114991153536054	trusted	0.535498	fakeNews	0.464522	fr
96	False	0	0.72929762887	fakeNews	5776	1	0.32114372574283073	trusted	0.186418	fakeNews	0.813602	fr
3	False	0	0.753133162175	trusted	4386	2	0.3789118769108912	trusted	0.736865	fakeNews	0.263155	fr
9	True	0	0.856712912776	fakeNews	5374	53	0.43582355467743145	trusted	0.410215	fakeNews	0.589805	fr
10	False	0	0.780578760091	fakeNews	5463	5	0.3589753577659042	trusted	0.238214	fakeNews	0.761806	fr
1	False	0	0.721940126604	trusted	5134	1	0.4040202419764858	trusted	0.866597	fakeNews	0.133423	fr
6	False	1	0.780891989815	fakeNews	5577	162	0.34588281622745237	trusted	0.648981	fakeNews	0.351039	fr
1	False	0	0.792708897413	trusted	5706	90	0.3631189893717095	trusted	0.843316	fakeNews	0.156704	fr
1	False	0	nan	trusted	4586	7	0.2991977265034905	trusted	0.882345	fakeNews	0.117675	fr
0	False	0	0.815009077983	trusted	5853	7	0.4327087008383442	trusted	0.853049	fakeNews	0.146971	fr
0	False	0	0.740520782209	trusted	5898	42	0.3334515300597005	trusted	0.857036	fakeNews	0.142984	fr
3	False	0	0.528796063507	trusted	4573	4	0.326382785346658	trusted	0.758116	fakeNews	0.241904	fr
0	False	0	0.691562448017	trusted	5751	5	0.32315032637326996	trusted	0.674489	fakeNews	0.325531	fr
21	False	0	0.731769867989	fakeNews	4970	4	0.35757525701194104	trusted	0.384899	fakeNews	0.615121	fr
1	False	0	0.628552833081	trusted	5870	16	0.3822843323789926	trusted	0.714294	fakeNews	0.285726	fr
67	False	0	0.645580904326	fakeNews	5274	2	0.3650587405553861	trusted	0.227126	fakeNews	0.772894	fr
0	False	0	0.78721845357	trusted	5782	40	0.37835437249342213	trusted	0.76607	fakeNews	0.23395	fr
4	False	0	0.854329646609	fakeNews	5615	62	0.3698630324471954	trusted	0.633798	fakeNews	0.366222	fr
1	False	0	0.757234026836	trusted	5397	2	0.34463643770929314	trusted	0.770628	fakeNews	0.229392	fr
0	False	0	0.291943594551	trusted	5713	2	0.3069948148369751	trusted	0.785999	fakeNews	0.214021	fr
1	False	0	0.732689062529	trusted	5428	165	0.3858673621736842	trusted	0.265838	fakeNews	0.734182	fr
7	False	0	0.688347709175	fakeNews	5656	3	0.264589961478859	trusted	0.553105	fakeNews	0.446915	fr
15	False	0	0.768558840163	fakeNews	4401	1	0.37993910852118307	trusted	0.369914	fakeNews	0.630106	fr
4	True	0	0.794188363149	trusted	4490	7	0.40162949213217375	trusted	0.876482	fakeNews	0.123538	fr
0	False	0	0.824974311699	trusted	5383	7	0.3923457291415632	trusted	0.869524	fakeNews	0.130496	fr
6	False	0	0.756635099392	fakeNews	5586	76	0.32390141981564186	trusted	0.622432	fakeNews	0.377588	fr
12	False	1	0.783608375215	fakeNews	4597	0	0.37800030081737124	trusted	0.120033	fakeNews	0.879987	fr
43	True	1	0.723996086342	fakeNews	4463	8	0.3784247301835508	trusted	0.263228	fakeNews	0.736792	fr
22	True	1	0.630926443777	fakeNews	5372	1	0.25169415067027634	trusted	0.461311	fakeNews	0.538709	fr
0	False	0	0.813698761354	trusted	5520	6	0.380108684176833	trusted	0.887989	fakeNews	0.112031	fr
2	False	0	0.857137823536	trusted	5137	50	0.34335978891179686	trusted	0.676166	fakeNews	0.323854	fr
46	True	4	0.675843327366	fakeNews	4531	11	0.32981761251488384	trusted	0.290819	fakeNews	0.709201	fr
0	False	0	0.612085719453	trusted	5155	2	0.37677172642589446	trusted	0.81242	fakeNews	0.1876	fr
19	False	1	0.683024921536	fakeNews	4494	3	0.24519956089000547	trusted	0.553914	fakeNews	0.446106	fr
25	False	0	0.469844338987	fakeNews	4451	7	0.1736965571715502	trusted	0.63914	fakeNews	0.36088	fr
0	False	0	0.784368575036	trusted	5390	47	0.3503491736019724	trusted	0.561093	fakeNews	0.438927	fr
26	False	0	0.83081969369	fakeNews	5401	3	0.4178188037882837	trusted	0.141199	fakeNews	0.858821	fr
0	False	0	0.715147242995	fakeNews	4863	2	0.36652970650263944	trusted	0.67831	fakeNews	0.32171	fr
0	False	0	0.791701800663	trusted	4413	2	0.3283323066759935	trusted	0.892038	fakeNews	0.107982	fr
12	False	0	0.37221584202	fakeNews	5260	5	0.27920892742617276	trusted	0.0834596	fakeNews	0.91656	fr
21	True	1	0.723429321972	fakeNews	4382	5	0.2514928159200453	trusted	0.38567	fakeNews	0.61435	fr
2	False	0	0.58180102558	trusted	5578	1	0.36240946341188773	trusted	0.579729	fakeNews	0.420291	fr
0	False	0	0.846525572419	trusted	5014	1	0.415594517693608	trusted	0.831148	fakeNews	0.168872	fr
0	False	0	0.835640277819	fakeNews	5542	2	0.4044190089335662	trusted	0.891713	fakeNews	0.108307	fr
12	False	1	0.875677347428	fakeNews	5796	0	0.39990852800567467	trusted	0.225614	fakeNews	0.774406	fr
0	False	0	0.730246674848	trusted	4515	27	0.3311202209306336	trusted	0.87724	fakeNews	0.12278	fr
1	False	0	0.529480721395	trusted	5403	25	0.25073537197117973	trusted	0.798235	fakeNews	0.201785	fr
2	False	0	0.425850279793	trusted	5652	3	0.29319190962084285	trusted	0.938243	fakeNews	0.0617773	fr
1	False	0	0.708010080754	trusted	5595	7	0.38919455335763575	trusted	0.967925	fakeNews	0.0320954	fr
0	False	0	0.810633258709	trusted	4588	27	0.37029197567243516	trusted	0.755061	fakeNews	0.244959	fr
2	False	0	0.430749545431	trusted	5915	19	0.30447594177509313	trusted	0.250853	fakeNews	0.749167	fr
4	False	0	0.602783723954	fakeNews	5840	23	0.34805803651769984	trusted	0.434201	fakeNews	0.565819	fr
2	False	1	0.780601565141	fakeNews	5680	12	0.4006806749856733	trusted	0.478337	fakeNews	0.521683	fr
0	False	0	nan	trusted	5280	56	0.16156828657425343	trusted	0.95756	fakeNews	0.0424605	fr
0	False	0	0.634775856227	fakeNews	5369	3	0.39298137482726314	trusted	0.145925	fakeNews	0.854095	fr
2	False	0	0.810364194667	trusted	5649	2	0.3829119503988553	trusted	0.631403	fakeNews	0.368617	fr
0	False	0	0.672219438016	trusted	4566	19	0.3768417590123008	trusted	0.886269	fakeNews	0.113751	fr
79	False	0	0.673975498199	fakeNews	5207	2	0.38815856489511125	trusted	0.201296	fakeNews	0.798724	fr
0	False	1	0.74329743361	trusted	4371	59	0.4206152055247271	trusted	0.874133	fakeNews	0.125887	fr
1	False	0	0.73828586392	trusted	4563	5	0.3588864196821397	trusted	0.842992	fakeNews	0.157028	fr
26	False	0	0.205177616191	fakeNews	5854	124	0.29799062050645986	trusted	0.660802	fakeNews	0.339218	fr
27	True	2	0.712759075319	fakeNews	4884	2	0.3037130421640219	trusted	0.386596	fakeNews	0.613424	fr
2	False	0	0.72708408971	trusted	5590	46	0.2760968982706913	trusted	0.730885	fakeNews	0.269135	fr
0	False	0	0.816704930226	trusted	4529	4	0.36580729504295556	trusted	0.973964	fakeNews	0.026056	fr
35	False	0	0.704258480854	fakeNews	4549	6	0.2635359774825758	trusted	0.223372	fakeNews	0.776648	fr
2	False	1	0.796133380278	trusted	5198	3	0.38074147004539105	trusted	0.713492	fakeNews	0.286528	fr
1	False	0	0.663265377022	trusted	5594	14	0.3969147406024715	trusted	0.436256	fakeNews	0.563764	fr
10	False	0	0.709066285775	fakeNews	4910	9	0.26521085956269563	trusted	0.455664	fakeNews	0.544356	fr
0	False	0	0.834110019724	trusted	4565	56	0.39108014289600057	trusted	0.926077	fakeNews	0.0739429	fr
2	False	0	0.833982970922	fakeNews	5896	1	0.39689036540294914	trusted	0.41004	fakeNews	0.58998	fr
0	False	0	0.777843714954	trusted	5559	6	0.33471889438851143	trusted	0.912349	fakeNews	0.0876709	fr
3	False	0	0.493297324634	trusted	4545	3	0.29921667509211947	trusted	0.784373	fakeNews	0.215647	fr
3	False	0	0.761083904683	trusted	5823	2	0.3567609557510933	trusted	0.558517	fakeNews	0.441503	fr
2	False	0	0.636552187212	trusted	5723	70	0.3464712485652732	trusted	0.518326	fakeNews	0.481694	fr
4	False	0	0.491429558541	fakeNews	5568	26	0.31676869316270984	trusted	0.645055	fakeNews	0.354965	fr
0	False	0	0.609943602611	trusted	5687	2	0.23783390933013465	trusted	0.974319	fakeNews	0.0257009	fr
2	False	0	0.753096269173	trusted	4986	4	0.3956531199898868	trusted	0.799234	fakeNews	0.200786	fr
11	False	0	0.68773070355	fakeNews	5152	33	0.4133022314052011	trusted	0.660463	fakeNews	0.339557	fr
0	False	0	0.740425790478	trusted	5420	59	0.3777429081461668	trusted	0.76091	fakeNews	0.23911	fr
2	False	0	0.556455823981	trusted	4443	9	0.34749055811556134	trusted	0.692881	fakeNews	0.307139	fr
0	False	0	0.610712510822	trusted	5553	15	0.3922645924466074	trusted	0.9711	fakeNews	0.02892	fr
35	False	0	0.805642869303	fakeNews	5206	54	0.34912147105257135	trusted	0.205222	fakeNews	0.794798	fr
9	False	0	0.836468299968	fakeNews	4427	30	0.37121920483657095	trusted	0.545956	fakeNews	0.454064	fr
102	False	0	0.806445126351	fakeNews	5637	48	0.41076172465673144	trusted	0.186246	fakeNews	0.813774	fr
1	False	0	0.545587500153	fakeNews	5256	14	0.36268758448006855	trusted	0.280821	fakeNews	0.719199	fr
0	False	0	0.820685582291	trusted	4396	12	0.377582562034825	trusted	0.925347	fakeNews	0.0746731	fr
1	False	0	0.497297303035	trusted	4374	1	0.3360107797198578	trusted	0.910215	fakeNews	0.0898051	fr
0	False	0	0.875467070209	trusted	4996	2	0.34725655063926114	trusted	0.905635	fakeNews	0.0943853	fr
6	False	0	0.707692017952	fakeNews	4447	66	0.39467379209971337	trusted	0.349809	fakeNews	0.650211	fr
29	False	0	0.7493386385	fakeNews	6027	24	0.3953370721744213	trusted	0.781828	fakeNews	0.218192	fr
1	False	0	0.723875994796	trusted	5140	2	0.37752364996837157	trusted	0.803961	fakeNews	0.196059	fr
0	False	0	0.762176606814	trusted	5007	5	0.34215004051264514	trusted	0.927775	fakeNews	0.072245	fr
0	False	0	0.696305344681	trusted	6023	37	0.3855202140782233	trusted	0.670512	fakeNews	0.329508	fr
24	False	0	0.793959690166	fakeNews	5722	20	0.40526999678755404	trusted	0.48894	fakeNews	0.51108	fr
0	False	0	0.885812680276	trusted	5267	25	0.3805646426795687	trusted	0.782881	fakeNews	0.217139	fr
0	False	1	0.65957115501	trusted	4533	4	0.40648160974880365	trusted	0.60039	fakeNews	0.39963	fr
4	False	0	0.647032508417	trusted	5899	44	0.407847558317865	trusted	0.369992	fakeNews	0.630028	fr
0	False	0	0.414472977458	trusted	5759	3	0.2907719170575759	trusted	0.613042	fakeNews	0.386978	fr
0	False	0	0.799406896934	trusted	5701	7	0.406375802811079	trusted	0.87944	fakeNews	0.12058	fr
1	False	0	0.755390146608	trusted	4436	3	0.3698056616854663	trusted	0.944994	fakeNews	0.0550264	fr
0	False	0	0.738038436639	trusted	5193	6	0.4140939164538576	trusted	0.78044	fakeNews	0.21958	fr
4	False	0	0.638543369257	trusted	5671	6	0.3854521695776132	trusted	0.626845	fakeNews	0.373175	fr
0	False	0	0.669908448299	trusted	4403	3	0.31782946407169854	trusted	0.893411	fakeNews	0.106609	fr
0	False	0	0.741301205257	trusted	5603	7	0.3943052566048099	trusted	0.799565	fakeNews	0.200455	fr
1	False	0	nan	trusted	4904	54	0.17628694692657934	trusted	0.921289	fakeNews	0.0787306	fr
2	False	0	0.7241313557	trusted	4539	0	0.3896153227201957	trusted	0.600233	fakeNews	0.399787	fr
4	False	0	0.690891678985	trusted	4372	4	0.3657355904625671	trusted	0.795086	fakeNews	0.204934	fr
1	False	0	0.707287820662	trusted	4459	9	0.4057902412754344	trusted	0.887104	fakeNews	0.112916	fr
0	False	0	0.774946803007	trusted	5781	18	0.3947330657668291	trusted	0.857741	fakeNews	0.142279	fr
0	False	0	0.376241455261	trusted	5638	46	0.23160033655586637	trusted	0.975441	fakeNews	0.0245791	fr
1	False	0	0.692112148152	trusted	5443	179	0.32614457212824766	trusted	0.929409	fakeNews	0.0706105	fr
0	False	0	0.594842323794	trusted	5635	6	0.2971987481896862	trusted	0.935332	fakeNews	0.0646879	fr
0	False	0	0.405825293703	trusted	4879	17	0.3338250045170589	trusted	0.884679	fakeNews	0.115341	fr
0	False	0	0.682386866906	trusted	5858	4	0.35799103872939264	trusted	0.569266	fakeNews	0.430754	fr
0	False	0	0.746465046869	trusted	4366	2	0.40409977608043784	trusted	0.644617	fakeNews	0.355403	fr
7	False	0	0.709331953114	fakeNews	5450	7	0.4052496925329917	trusted	0.564208	fakeNews	0.435812	fr
0	False	0	0.719798428085	fakeNews	3519	1	0.41040858482476517	trusted	0.405566	fakeNews	0.594454	fr
0	False	0	0.811018087665	trusted	4410	5	0.3207390004375523	trusted	0.896761	fakeNews	0.103259	fr
1	False	0	0.523969354346	trusted	5580	11	0.27478051507034756	trusted	0.953319	fakeNews	0.0467005	fr
0	True	0	0.759661218363	trusted	6030	5	0.39381852711913723	trusted	0.853342	fakeNews	0.146679	fr
3	False	0	0.655487712663	trusted	5717	4	0.33016960615154944	trusted	0.908706	fakeNews	0.091314	fr
0	False	0	0.862021816092	trusted	4477	6	0.3369961753891313	trusted	0.924043	fakeNews	0.0759771	fr
4	False	0	0.475123691746	trusted	5662	142	0.2780168174052184	trusted	0.916265	fakeNews	0.083755	fr
1	False	0	0.748385197719	trusted	4896	2	0.3525644737466338	trusted	0.845073	fakeNews	0.154947	fr
5	False	0	0.703584496209	fakeNews	5132	73	0.40710964405596867	trusted	0.407734	fakeNews	0.592286	fr
4	False	0	0.692952958237	fakeNews	5855	67	0.3808019942408258	trusted	0.776047	fakeNews	0.223973	fr
8	True	0	0.606151143863	fakeNews	5163	84	0.2840484209919567	trusted	0.175013	fakeNews	0.825007	fr
0	False	0	0.58653020552	trusted	5689	9	0.34221385213278044	trusted	0.74132	fakeNews	0.2587	fr
18	False	0	0.840580550495	fakeNews	5604	66	0.35826323093898055	trusted	0.324158	fakeNews	0.675862	fr
0	False	1	0.709025953539	trusted	5773	48	0.30005971497000616	trusted	0.787449	fakeNews	0.212571	fr
5	False	0	0.597224951285	fakeNews	3478	2	0.3746412231842986	trusted	0.174142	fakeNews	0.825878	fr
2	False	0	0.705518490445	trusted	5817	0	0.35576663324012325	trusted	0.61639	fakeNews	0.38363	fr
2	False	0	0.777366587471	fakeNews	5262	7	0.41252867216203265	trusted	0.119751	fakeNews	0.880269	fr
18	False	1	0.720721128189	fakeNews	4514	49	0.260306568663106	trusted	0.664424	fakeNews	0.335596	fr
1	False	0	0.792688419696	trusted	4535	4	0.3591493354323836	trusted	0.3935	fakeNews	0.60652	fr
0	False	0	0.808834634034	trusted	5787	75	0.3422732309317232	trusted	0.947608	fakeNews	0.0524119	fr
1	False	0	0.759072623495	trusted	5488	50	0.41248459938188115	trusted	0.598347	fakeNews	0.401673	fr
0	False	0	0.730012001872	trusted	5169	18	0.4204356670995927	trusted	0.883856	fakeNews	0.116164	fr
2	False	0	0.705574154349	fakeNews	6039	1	0.35271154728003473	trusted	0.582656	fakeNews	0.417364	fr
2	False	0	0.706365588855	trusted	4569	14	0.41427473995585185	trusted	0.889947	fakeNews	0.110073	fr
0	False	0	0.805896341415	trusted	5583	56	0.4218532256324109	trusted	0.870727	fakeNews	0.129293	fr
0	False	0	0.696271268062	trusted	5597	1	0.37308365270300403	trusted	0.975782	fakeNews	0.0242385	fr
4	False	0	0.720414546962	fakeNews	5170	19	0.40543643894248177	trusted	0.808222	fakeNews	0.191798	fr
2	False	0	0.590745030332	trusted	5651	4	0.3869387851180132	trusted	0.899983	fakeNews	0.100037	fr
3	False	0	0.556567635651	trusted	4484	71	0.3330517675365203	trusted	0.869728	fakeNews	0.130292	fr
0	False	0	0.757350413558	trusted	5130	34	0.34984561679449944	trusted	0.927212	fakeNews	0.0728079	fr
6	False	0	0.794553845221	fakeNews	4508	1	0.41649337015392524	trusted	0.318693	fakeNews	0.681327	fr
0	False	0	0.7758459831	trusted	4874	91	0.40481999077829023	trusted	0.885041	fakeNews	0.114979	fr
0	False	0	0.609431177526	trusted	5493	2	0.27171004262627424	trusted	0.569195	fakeNews	0.430825	fr
3	False	0	0.686562363184	trusted	5457	15	0.30756553801144204	trusted	0.586133	fakeNews	0.413887	fr
0	False	0	0.763034300974	trusted	6042	32	0.41676053548977776	trusted	0.429433	fakeNews	0.570587	fr
0	False	0	0.696458455941	trusted	5714	14	0.3428588195335235	trusted	0.870084	fakeNews	0.129936	fr
3	False	0	0.838949095624	fakeNews	4538	127	0.3993133696073048	trusted	0.529889	fakeNews	0.470131	fr
53	True	0	0.740533368444	fakeNews	5768	8	0.29089496743789933	trusted	0.850151	fakeNews	0.149869	fr
1	False	0	0.763014489537	trusted	5601	2	0.38129376218149313	trusted	0.745317	fakeNews	0.254703	fr
1	False	0	0.7855943041	trusted	5539	19	0.38747180002836645	trusted	0.809633	fakeNews	0.190387	fr
1	False	0	0.675593932625	trusted	5002	3	0.3057040848746178	trusted	0.916416	fakeNews	0.0836039	fr
0	False	0	0.714394124411	trusted	4888	9	0.37314710083488833	trusted	0.772353	fakeNews	0.227668	fr
2	False	0	0.786462890473	trusted	5201	71	0.40632449476386207	trusted	0.799501	fakeNews	0.200519	fr
21	False	1	0.681341154414	fakeNews	5535	2	0.2501697712417266	trusted	0.604539	fakeNews	0.395481	fr
1	False	0	0.581592142842	trusted	4558	47	0.365554217839762	trusted	0.891688	fakeNews	0.108332	fr
2	False	0	0.746456003473	fakeNews	5405	4	0.26305515916430866	trusted	0.491043	fakeNews	0.508977	fr
1	False	0	0.817393499286	fakeNews	4415	6	0.44277081648911265	trusted	0.884208	fakeNews	0.115812	fr
4	True	0	0.824826089291	fakeNews	5766	3	0.3689740766629367	trusted	0.439086	fakeNews	0.560934	fr
17	False	0	0.701869340849	fakeNews	5550	21	0.3258747362095189	trusted	0.417603	fakeNews	0.582417	fr
0	False	0	0.82983564429	trusted	4448	56	0.39090433817609116	trusted	0.859883	fakeNews	0.140137	fr
0	False	0	0.820060165814	trusted	4892	4	0.3964119740946909	trusted	0.940313	fakeNews	0.059707	fr
2	False	0	0.718511299028	trusted	4387	23	0.3609597574812321	trusted	0.760936	fakeNews	0.239084	fr
2	False	0	0.813876917013	trusted	5920	69	0.41905345950480216	trusted	0.869897	fakeNews	0.130124	fr
0	False	0	0.711026226504	trusted	5406	46	0.3508387345004684	trusted	0.973678	fakeNews	0.0263425	fr
9	False	0	0.741999781207	fakeNews	5442	37	0.38490700698226604	trusted	0.489909	fakeNews	0.510111	fr
0	False	0	0.654023958742	trusted	4890	8	0.4080009657825446	trusted	0.886914	fakeNews	0.113106	fr
0	False	0	0.678072754087	trusted	4908	31	0.31469597132964433	trusted	0.866142	fakeNews	0.133878	fr
5	False	0	0.616558640461	fakeNews	4453	2	0.26684634456746387	trusted	0.393065	fakeNews	0.606955	fr
2	False	0	0.617991427955	trusted	4913	6	0.2797758987958475	trusted	0.922628	fakeNews	0.0773917	fr
23	False	3	0.613798507745	fakeNews	4370	19	0.26349004282172994	trusted	0.534218	fakeNews	0.465802	fr
0	False	0	0.620562644175	trusted	5548	42	0.3435606445514167	trusted	0.753213	fakeNews	0.246807	fr
3	False	0	0.805574222094	trusted	5705	4	0.3629493548994652	trusted	0.856353	fakeNews	0.143667	fr
2	False	1	0.606618976659	fakeNews	5681	54	0.34119315777790743	trusted	0.289675	fakeNews	0.710345	fr
0	False	0	0.716129754585	trusted	5425	16	0.376403379065796	trusted	0.750726	fakeNews	0.249295	fr
1	False	0	0.79092541821	fakeNews	5161	14	0.42358476665806877	trusted	0.626454	fakeNews	0.373566	fr
1	False	0	0.52281176343	trusted	4442	2	0.2906774677519054	trusted	0.923379	fakeNews	0.0766406	fr
16	False	0	0.292548077207	fakeNews	5026	26	0.2691972997128675	trusted	0.207319	fakeNews	0.792701	fr
0	False	0	0.906112992266	trusted	4877	11	0.38257549420557513	trusted	0.95669	fakeNews	0.0433305	fr
12	False	0	0.840135188134	fakeNews	5765	5	0.4002243412666244	trusted	0.522427	fakeNews	0.477593	fr
0	False	0	0.654023958742	trusted	5150	54	0.4080009657825446	trusted	0.886914	fakeNews	0.113106	fr
0	False	0	0.704570679101	trusted	5375	24	0.31365195463900547	trusted	0.869262	fakeNews	0.130758	fr
1	False	0	0.728890348387	trusted	5653	7	0.35415342875550165	trusted	0.70395	fakeNews	0.29607	fr
18	False	0	0.8228888417	fakeNews	4449	4	0.3070671432760822	trusted	0.143122	fakeNews	0.856898	fr
7	False	0	0.616535626021	trusted	5674	4	0.3381494689172949	trusted	0.850109	fakeNews	0.149911	fr
0	False	0	0.516126902583	trusted	5679	90	0.3086979304872644	trusted	0.775331	fakeNews	0.224689	fr
0	False	0	0.516126902583	trusted	4398	0	0.3086979304872644	trusted	0.775331	fakeNews	0.224689	fr
1	False	0	0.782546617962	trusted	5917	55	0.3228058414944576	trusted	0.879019	fakeNews	0.121001	fr
0	False	0	0.783212626553	trusted	3518	4	0.37557135810312964	trusted	0.970227	fakeNews	0.0297925	fr
0	False	0	0.710133834434	fakeNews	4414	2	0.40283531844622494	trusted	0.842471	fakeNews	0.157549	fr
14	False	0	0.833881258775	fakeNews	5156	19	0.3923581777150334	trusted	0.22243	fakeNews	0.77759	fr
0	False	0	0.797254293859	trusted	5661	36	0.3387816191652207	trusted	0.551555	fakeNews	0.448465	fr
1	False	0	0.78230813329	fakeNews	5575	56	0.444252436996853	trusted	0.632809	fakeNews	0.367211	fr
0	False	0	0.63926196136	trusted	5175	1	0.30308520117512155	trusted	0.768701	fakeNews	0.231319	fr
1	False	0	0.631059971389	trusted	4479	2	0.3595226231786143	trusted	0.853939	fakeNews	0.146081	fr
1	False	0	0.532286678904	trusted	4512	138	0.2357395326911244	trusted	0.976281	fakeNews	0.0237392	fr
3	False	0	0.526089409856	trusted	4916	9	0.2796624522778063	trusted	0.674537	fakeNews	0.325483	fr
54	False	0	0.703548871249	fakeNews	5907	5	0.3818351895608688	trusted	0.386599	fakeNews	0.613421	fr
0	False	1	0.712819940674	trusted	4889	10	0.4206152055247271	trusted	0.874133	fakeNews	0.125887	fr
0	False	0	0.690879043986	trusted	4381	1	0.3967849329625888	trusted	0.823108	fakeNews	0.176912	fr
0	False	0	0.850971697265	trusted	5734	87	0.38131316258043774	trusted	0.618538	fakeNews	0.381482	fr
1	False	0	0.38524428229	trusted	5552	3	0.33528174724368465	trusted	0.926288	fakeNews	0.0737316	fr
7	True	0	0.78428350188	fakeNews	5599	45	0.3828975914514009	trusted	0.299662	fakeNews	0.700358	fr
3	False	0	nan	trusted	5424	24	0.17465277696701847	trusted	0.910971	fakeNews	0.0890487	fr
8	False	0	0.650778038957	fakeNews	4917	28	0.3260198218691159	trusted	0.161824	fakeNews	0.838196	fr
1	False	0	0.787627420724	trusted	4444	1	0.3345109309360956	trusted	0.799579	fakeNews	0.200441	fr
0	False	0	0.698850932097	trusted	5690	2	0.3640764039013369	trusted	0.864715	fakeNews	0.135305	fr
10	False	0	0.752716791667	fakeNews	5529	1	0.4187049845391236	trusted	0.626884	fakeNews	0.373136	fr
7	False	1	0.66853225852	trusted	5591	6	0.33348542468239484	trusted	0.834517	fakeNews	0.165503	fr
0	False	0	0.777742974448	trusted	4379	0	0.39489769174373557	trusted	0.636866	fakeNews	0.363154	fr
0	False	0	0.78059544085	trusted	5265	53	0.40506062466906284	trusted	0.935744	fakeNews	0.0642761	fr
0	False	0	0.752572074454	trusted	4516	5	0.39349816721499103	trusted	0.872946	fakeNews	0.127074	fr
71	False	0	0.441684202972	fakeNews	5499	5	0.17021520286556013	trusted	0.460062	fakeNews	0.539959	fr
0	False	0	0.672004761744	trusted	5850	0	0.37647597868812344	trusted	0.947754	fakeNews	0.0522664	fr
0	False	0	0.585346310353	trusted	5789	7	0.3131125437268893	trusted	0.671596	fakeNews	0.328424	fr
5	False	0	0.743942076474	trusted	5757	20	0.4071932164766126	trusted	0.287801	fakeNews	0.712219	fr
0	False	0	0.791701800663	trusted	5185	133	0.3283323066759935	trusted	0.892038	fakeNews	0.107982	fr
9	False	0	0.835217413525	fakeNews	5884	7	0.39200950983218147	trusted	0.617206	fakeNews	0.382814	fr
0	False	0	0.695499533214	trusted	5750	5	0.3879925859250214	trusted	0.89383	fakeNews	0.10619	fr
0	False	0	0.66692182749	fakeNews	4580	47	0.4041422156915376	trusted	0.40606	fakeNews	0.59396	fr
0	False	0	0.809075369594	trusted	4522	8	0.38853849492495246	trusted	0.701475	fakeNews	0.298545	fr
0	False	0	0.576607212188	trusted	5608	3	0.3401388774880113	trusted	0.75045	fakeNews	0.24957	fr
0	False	0	0.549049299348	trusted	5404	6	0.395443790680849	trusted	0.769915	fakeNews	0.230105	fr
39	False	0	0.722261377815	fakeNews	4878	5	0.4333195065345965	trusted	0.272029	fakeNews	0.727991	fr
21	False	0	0.820814479093	fakeNews	4968	1	0.4188056760627529	trusted	0.375017	fakeNews	0.625003	fr
0	False	0	0.654023958742	trusted	5792	4	0.4080009657825446	trusted	0.886914	fakeNews	0.113106	fr
1	False	0	0.547965769127	trusted	4384	7	0.37950275850397924	trusted	0.696388	fakeNews	0.303632	fr
0	False	0	0.822647360267	trusted	5562	7	0.39660724668813735	trusted	0.732149	fakeNews	0.267871	fr
7	False	0	0.803881224047	fakeNews	5554	75	0.4255924392308737	trusted	0.372133	fakeNews	0.627887	fr
48	False	0	0.824024254028	fakeNews	4441	2	0.42246307025798546	trusted	0.419605	fakeNews	0.580415	fr
0	False	0	0.789645904316	trusted	4400	21	0.3897175185799047	trusted	0.572123	fakeNews	0.427897	fr
6	False	0	0.667793173136	fakeNews	4574	3	0.3660566108843504	trusted	0.254912	fakeNews	0.745108	fr
24	False	0	0.743544931411	fakeNews	5434	2	0.39894371523503713	trusted	0.3321	fakeNews	0.66792	fr
0	False	0	0.594010586392	trusted	5613	53	0.2820284949333028	trusted	0.783065	fakeNews	0.216955	fr
1	False	0	0.674230047914	trusted	4504	6	0.34029259063051437	trusted	0.420409	fakeNews	0.579611	fr
1	False	0	0.699774197347	trusted	5617	57	0.3613652516334909	trusted	0.726259	fakeNews	0.273761	fr
2	False	0	0.525405699461	trusted	5441	4	0.3133895288623226	trusted	0.804596	fakeNews	0.195424	fr
197	True	0	0.501599904105	fakeNews	4367	33	0.3020550303244494	trusted	0.468685	fakeNews	0.531335	fr
45	False	0	0.610399988187	fakeNews	4509	6	0.3506987023473682	trusted	0.408967	fakeNews	0.591053	fr
32	False	0	0.797728917796	fakeNews	5677	73	0.3386674926231458	trusted	0.403002	fakeNews	0.597018	fr
12	False	0	0.767632293724	fakeNews	5745	68	0.4069346452678664	trusted	0.425207	fakeNews	0.574813	fr
1	False	0	0.502257957135	fakeNews	5145	3	0.26280526021424616	trusted	0.782965	fakeNews	0.217055	fr
56	False	0	0.655169576894	fakeNews	4438	6	0.30763437417468514	trusted	0.209816	fakeNews	0.790204	fr
0	False	0	0.637138420144	trusted	5505	42	0.3403239111425921	trusted	0.749331	fakeNews	0.250689	fr
0	False	0	0.609998175713	trusted	4521	4	0.36681366960747075	trusted	0.855644	fakeNews	0.144377	fr
0	False	0	0.85553545676	trusted	5760	6	0.32732495875467416	trusted	0.813045	fakeNews	0.186975	fr
0	False	0	0.751776314888	trusted	5192	9	0.3859632660905894	trusted	0.870116	fakeNews	0.129904	fr
0	False	0	0.78234203873	trusted	5650	8	0.40315061834116067	trusted	0.889022	fakeNews	0.110998	fr
4	False	0	0.596176160041	fakeNews	5380	4	0.34805803651769984	trusted	0.434201	fakeNews	0.565819	fr
6	True	0	0.800361576982	fakeNews	4473	0	0.34634971833130246	trusted	0.32329	fakeNews	0.67673	fr
0	False	0	0.737524987607	trusted	4605	132	0.3706555996685002	trusted	0.90376	fakeNews	0.0962601	fr
0	False	0	0.798219951829	trusted	5148	5	0.37065477179468714	trusted	0.93739	fakeNews	0.0626303	fr
0	False	0	0.828440099797	trusted	5162	17	0.4225143571202192	trusted	0.879045	fakeNews	0.120975	fr
6	False	0	0.745395471283	trusted	5918	84	0.3893277083454889	trusted	0.505496	fakeNews	0.494524	fr
2	False	1	0.806390661199	trusted	4422	48	0.314323599313508	trusted	0.611485	fakeNews	0.388535	fr
8	False	0	0.753436950243	fakeNews	5715	4	0.3806842844701935	trusted	0.525471	fakeNews	0.474549	fr
8	False	0	0.69730296726	fakeNews	4581	4	0.400441052624715	trusted	0.534683	fakeNews	0.465337	fr
